invoice_month,cancelled_invoices,cancellation_value_gbp
2009-12,401,25838.65
2010-01,300,28675.61
2010-02,239,20621.88
2010-03,407,67721.37
2010-04,304,37354.2
2010-05,407,44536.03
2010-06,357,72483.53
2010-07,344,31444.79
2010-08,273,40498.57
2010-09,371,70682.58
2010-10,476,81389.69
2010-11,576,47617.84
2010-12,326,74789.12
2011-01,260,131364.3
2011-02,219,25569.24
2011-03,318,34372.28
2011-04,240,44601.5
2011-05,314,47202.51
2011-06,329,70616.78
2011-07,270,37921.08
2011-08,278,54333.75
2011-09,333,38902.55
2011-10,362,84274.63
2011-11,441,47740.08
2011-12,146,205124.67
