cohort_month,customers,m1,m2,m3,m4,m5,m6
2010-01,383,20.6,31.1,30.5,26.4,30.0,25.8
2010-02,374,23.8,22.5,29.1,24.6,20.1,19.3
2010-03,443,19.0,23.0,24.2,23.3,20.3,24.6
2010-04,294,19.4,19.4,16.3,18.4,22.4,27.6
2010-05,254,15.7,16.9,17.3,17.7,25.6,21.3
2010-06,270,17.4,18.9,20.4,23.0,28.5,12.6
2010-07,186,15.6,18.3,29.6,29.0,14.0,11.3
2010-08,162,20.4,29.6,32.1,17.3,11.7,9.9
2010-09,243,22.6,23.5,12.3,9.1,10.3,13.6
2010-10,377,25.7,14.6,12.5,8.8,8.2,13.0
2010-11,325,17.5,9.2,9.5,7.7,8.6,12.9
2010-12,76,9.2,5.3,9.2,11.8,6.6,5.3
2011-01,71,16.9,21.1,19.7,21.1,15.5,15.5
2011-02,124,16.1,15.3,18.5,21.8,15.3,15.3
2011-03,179,18.4,21.8,20.1,22.3,15.1,20.7
2011-04,106,25.5,19.8,19.8,17.9,23.6,17.9
2011-05,111,23.4,24.3,16.2,21.6,20.7,26.1
