invoice_month,orders,identified_customers,merchandise_value_gbp,average_order_value_gbp
2010-01,1105,720,652708.5,590.69
2010-02,1201,772,553339.74,460.73
2010-03,1681,1057,833570.13,495.88
2010-04,1462,942,681528.99,466.16
2010-05,1500,966,659858.86,439.91
2010-06,1645,1041,752270.14,457.31
2010-07,1529,928,650712.94,425.58
2010-08,1425,911,697274.91,489.32
2010-09,1839,1145,924333.01,502.63
2010-10,2301,1497,1165483.91,506.51
2010-11,2747,1607,1470272.48,535.23
2010-12,1559,885,823746.14,528.38
2011-01,1086,741,691364.56,636.62
2011-02,1100,758,523631.89,476.03
2011-03,1454,974,717639.36,493.56
2011-04,1246,856,537808.62,431.63
2011-05,1681,1056,770536.02,458.38
2011-06,1533,991,761739.9,496.89
2011-07,1475,949,719221.19,487.61
2011-08,1361,935,759138.38,557.78
2011-09,1837,1266,1058590.17,576.26
2011-10,2040,1364,1154979.3,566.17
2011-11,2769,1664,1509496.33,545.14
